{
  "shape_disp_mean_m": 0.05417851731181145,
  "shape_disp_max_m": 0.11964350938796997,
  "pose_offset_mean_m": 0.0013891836861148477,
  "pose_offset_max_m": 0.008634885773062706,
  "lbs_disp_mean_m": 0.09945086389780045,
  "lbs_disp_max_m": 0.6917970776557922,
  "height_template_m": 1.7173608541488647,
  "height_shaped_m": 1.8753840923309326
}